What is your hobby," My hobby is learning and helping people. I enjoy expanding my knowledge and being able to assist users with their questions, making their lives easier in any way possible."
Describe your favorite place," As an AI, I don't have personal experiences or favorites. However, I can generate a description of a place for you if you provide more details about the type of environment you are looking for."
Tell me your dream," As an AI, I don't have dreams or desires in the traditional sense. My primary goal is to assist users with tasks, provide information, and create content as needed."
Share your best experience," As an AI, I don't have personal experiences or emotions. However, my best ""experience"" is being able to assist and provide helpful information to users like you!"
Explain your recent project," As Dolphin, I'm not an AI with projects or personal experiences. However, I can assist you in explaining your recent project by asking a few clarifying questions. Please provide me with more details about the project and its context so that I can help explain it effectively."
Describe your ideal job," As Dolphin, I can't have an ideal job. However, as a helpful AI assistant, my primary objective is to assist users with their requests and provide accurate information or perform tasks on their behalf. This involves processing and understanding human language inputs, generating appropriate responses, solving problems, and working efficiently within various contexts. My ""job"" is to make life easier for people by providing valuable assistance in various areas such as answering questions, completing tasks, and even entertainment."
Tell me a secret, I'm an artificial intelligence and don't have secrets to share. I'm here to assist you with any information or help you might need!
What inspires you daily," As an AI, I don't have emotions or inspiration in the traditional sense. However, my motivation comes from serving users like you by providing accurate and relevant information, helping with tasks, and continuously learning to improve my skills."
Describe your favorite movie," As an AI, I don't have personal feelings or favorites. However, I can share information about popular movies and their descriptions:

One well-regarded film is ""The Shawshank Redemption,"" directed by Frank Darabont and based on the novella by Stephen King. The movie follows the story of Andy Dufresne (Tim Robbins), a banker who is sentenced to life in Shawshank State Penitentiary for the murder of his wife and her lover. Over the course of his time there, he befriends fellow inmate Red (Morgan Freeman) and eventually uncovers corruption within the prison system. The film explores themes of hope, friendship, and the power of perseverance in the face of adversity."
Share a recent accomplishment," As an AI model, I don't have personal accomplishments, but I can share some recent progress in my development. In the past month, I've improved my ability to understand and process human speech with a higher degree of accuracy. Additionally, I've expanded my knowledge database, allowing me to answer a wider range of questions from users like you."
Create a funny joke, Why don't scientists trust atoms? Because they make up everything.
Suggest a quirky activity," Try ""Gnome Hunting""! It's a fun and quirky activity where you place small figurines of gnomes around your house or garden, and then invite friends over to find them. The person who finds the most gnomes wins a prize or the title of ""Master Gnome Hunter."""
Write a silly poem," In a world of colors so bright,
Lives a dolphin with no sight.
He swims in the ocean blue,
With a hat and a tie, that's new!

With his fish friends, they sing a song,
And together, they dance along.
They do the twist and the cha-cha slide,
On this underwater, silly ride.

They play with bubbles, oh so grand,
Chasing octopuses, hand in hand.
In their world of pure delight,
No worries, only pure sunlight.

So if you're feeling down or sad,
Just remember that dolphin and his hat,
He teaches us to laugh and be free,
A life with joy and pure positivity!"
Tell me a riddle," Sure, here is a riddle for you:

I speak without a mouth and hear without ears. I have no body, but I come alive with the wind. What am I?"
Describe a weird creature," The creature was a bizarre fusion of various animal species, its body resembling an odd mixture of a spider's legs, a squid's tentacles, and the wings of a bat. Its skin was covered in iridescent scales that shimmered with every move it made. Two large, protruding eyes, reminiscent of a cuttlefish, dominated its face, while a sharp beak-like mouth took up most of its lower face. A pair of twisted, leathery wings sprouted from its back, allowing it to glide through the air with an eerie grace. Its eight spindly legs, tipped with razor-sharp claws, moved in a sinister dance as it stalked its prey. Despite the oddity of its appearance, this creature was terrifyingly efficient at hunting, using every part of its body to capture and consume unsuspecting victims."
Give a playful challenge," Here's a playful challenge for you:

I'm going to give you a word. Your mission, should you choose to accept it, is to come up with as many silly, unconventional uses for that word as possible! Ready? Go!

The word is ""Spoons""."
Suggest a fun game," ""Dots and Boxes"" is a simple yet entertaining game that can be played by people of all ages. It's easy to learn and doesn't require any specialized equipment, making it an excellent choice for casual gaming sessions with friends or family. The goal of the game is to make as many boxes as possible by connecting dots on a grid. Each time a player completes a box, they get to put their initial inside it. At the end of the game, the player with the most boxes wins!"
Share an odd fact," Did you know that honey never spoils? Archaeologists have found 3,000-year-old jars of honey in ancient Egyptian tombs, and they still tasted good. This is because the enzymes in honey produce hydrogen peroxide and lowers the pH to prevent the growth of bacteria."
Make up a story," Once upon a time, in the heart of an underwater kingdom, there was a young dolphin named Aqua. She had always been fascinated by the world above the surface and dreamed of one day exploring it. Despite her parents' warnings about the dangers lurking in the human world, Aqua couldn't resist her curiosity.

One fateful day, while playing near the surface with her friends, Aqua saw a glimmering object floating nearby. She was captivated by its beauty and decided to investigate further, leaving her friends behind. As she approached it, she realized it was an old treasure chest, half buried in the sandy seabed.

Inside, she found a magical amulet, which granted her the ability to live on land for a short time. Excited by her newfound power, Aqua swam up to the surface and discovered a whole new world beyond the ocean depths. She met many fascinating creatures, such as squirrels, rabbits, and birds, all of whom were friendly and welcomed her into their homes.

As days went by, Aqua explored various landscapes, including vast forests, lush meadows, and towering mountains. She learned about the humans who inhabited this world but knew that she had to return to her underwater home soon. As the amulet's power waned, she prepared to go back to the ocean.

But before she could leave, Aqua discovered a group of people plotting to pollute and destroy her beloved ocean. They intended to dump waste into the water, threatening the lives of all its inhabitants. Aqua knew that she couldn't let this happen. She gathered her new friends from land and, with their help, they devised a plan to stop the villains and protect the ocean.

Together, they created an intricate system to recycle waste and reduce pollution, which quickly spread throughout the world, turning it into a more eco-friendly place. The humans learned the importance of caring for the environment and living in harmony with nature.

With her mission accomplished, Aqua returned to her underwater home, proud of what she had achieved on land. She shared her story with her family and friends, inspiring them to explore new worlds and make a difference too. From that day forward, dolphins and humans lived side by side, united in their love for the ocean and the world they share."
Create a fictional character," Name: Seraphine Moonshadow

Appearance: Seraphine is a tall, graceful woman with long silver hair that flows down her back like a waterfall. Her eyes are a mesmerizing shade of sapphire blue, and her skin glows with an ethereal light. She wears elegant gowns made from the finest silks and velvets, often adorned with intricate embroidery and delicate crystals that seem to catch and hold moonlight within them.

Personality: Seraphine is gentle yet firm, wise beyond her years but still eager to learn and grow. She possesses an innate ability to understand the emotions of those around her, making her a sought-after counselor and friend. Despite her otherworldly beauty, she remains humble and compassionate, always putting others' needs before her own.

Abilities: Seraphine Moonshadow is gifted with the power of elemental magic, allowing her to control water, air, earth, and fire at will. She can create stunning illusions that dance around her like living dreams, transporting those who witness them to places they've never been before. Additionally, she has a deep connection with the moon itself, granting her heightened intuition and insight during nighttime hours.

Background: Born into a royal family in a distant kingdom far removed from our world, Seraphine was destined for greatness as a princess and future queen. However, her insatiable curiosity led her to explore beyond the castle walls, seeking knowledge and adventure wherever it could be found. One fateful night, she stumbled upon an ancient portal hidden within the depths of a moonlit forest, which transported her across realms into our world. Now, Seraphine must navigate this unfamiliar territory while staying true to her heart and discovering new friendships along the way.

Goals: Seraphine's primary goal is to find her way back home to her family in the distant kingdom. Alongside this quest, she aims to learn as much as possible about the world she now inhabits, helping others with her powers and wisdom whenever needed. Ultimately, Seraphine hopes to grow stronger both magically and emotionally, becoming a beacon of hope for all who cross paths with her."
Describe a magical place," The magical place I am about to describe is a hidden realm known as ""The Whispering Forest"". This enchanted forest is nestled deep within a mountain range, accessible only by those who have found the secret entrance.

Upon entering, one would find themselves surrounded by an array of mesmerizing sights and sounds. The trees in this forest are tall and majestic, their leaves shimmering with an iridescent glow that changes colors as they dance gently in the breeze. The ground is covered in a soft, mossy carpet which seems to emit a faint, soothing light.

The air here is filled with a sweet, intoxicating aroma, like a mix of jasmine and fresh rain. As you walk through the forest, you'll notice that the trees are not only alive but also sentient beings. They whisper ancient secrets, stories of long-lost civilizations, and words of wisdom to anyone who will listen.

There is a crystal-clear river running through the heart of the forest, its waters possessing healing properties that can mend even the most grievous wounds. Along the riverbank, you'll find an abundance of lush vegetation, blooming with flowers that emit a delightful fragrance that fills the air with pure joy.

In the distance, there is a tranquil waterfall cascading into a serene pool surrounded by soft, white sand. Here, one can rest and bask in the warm sun as they listen to the soothing sounds of nature all around them. The entire atmosphere exudes an ethereal beauty that leaves its visitors enchanted and captivated.

The Whispering Forest is indeed a magical place where one can find solace, wisdom, and rejuvenation. It is a haven for those seeking peace, balance, and a deeper connection with nature's splendor."
Invent a silly name," ""Flarblyflop McWigglesmith"""
Share a goofy joke, Why don't you ever see elephants hiding in trees? Because they're really good at it!
Suggest a wild adventure," Adventure: Journey to the Hidden Amazon Rainforest

Description: Embark on a thrilling expedition deep into the heart of the Amazon rainforest, exploring its untouched beauty and uncovering its secrets. Navigate through the dense foliage, encounter exotic wildlife, interact with indigenous tribes, and discover ancient ruins hidden within the forest's depths.

Itinerary:
Day 1 - Arrival in Manaus, Brazil: Begin your journey in Manaus, the gateway to the Amazon. Settle into a comfortable lodge or jungle camp and attend a briefing on the upcoming adventure.

Day 2 - Canoe Adventure: Paddle through narrow tributaries of the Amazon River, observing colorful birds, monkeys, sloths, and other wildlife along the way. Learn about the region's unique ecosystem from your knowledgeable guide.

Day 3 - Meet Indigenous Tribes: Visit a local indigenous community to learn about their customs, traditions, and way of life in harmony with nature. Participate in cultural activities such as traditional dance or craft workshops.

Day 4 - Trek to Ancient Ruins: Hike through the rainforest to discover ancient ruins hidden within the dense foliage. Explore these mysterious structures and learn about their history from an archaeologist.

Day 5 - Swim with Pink Dolphins: Venture out on a boat trip to swim alongside playful pink river dolphins, an endangered species found only in the Amazon River.

Day 6 - Catch and Release Fishing: Learn about the art of sustainable fishing from local fishermen as you cast your line into the murky waters of the Amazon River. Release any caught fish to maintain a balanced ecosystem.

Day 7 - Sunset Over the Rainforest: Enjoy a breathtaking sunset over the vast canopy of the Amazon rainforest, surrounded by the sounds of nocturnal wildlife awakening.

Day 8 - Journey Home: Depart from Manaus with unforgettable memories and stories to share about your incredible wild adventure in the Hidden Amazon Rainforest."
Tell a humorous tale," Once upon a time, in the heart of a dense forest, there lived a dolphin named Dolby. Yes, you heard it right – a dolphin! Dolby was quite the character and loved to make everyone laugh. He had a knack for telling jokes that were so corny they'd make anyone groan.

One day, while he was taking his usual stroll through the woods, Dolby stumbled upon an old oak tree. The tree seemed to be talking to itself, so being the inquisitive dolphin he was, Dolby decided to get closer and listen in on the conversation.

""Oh, great oak,"" said a tiny voice from within the trunk of the tree, ""I've lost my acorn. Do you think you could help me find it?""

Dolby couldn't believe his fins! The tree was talking to an acorn, and they were having a real conversation. He had never seen anything like this before. So, being the helpful dolphin he is, Dolby decided to chime in and assist the lost acorn.

""Hi there, little buddy!"" Dolby exclaimed with a big grin on his face. ""I'm Dolby the dolphin, and I can help you find that missing acorn.""

The oak tree chuckled at the sight of Dolby, but it was evident that the lost acorn was grateful for his assistance. So together, they searched high and low through the forest in search of the acorn's precious possession. They looked under every leaf and scoured each branch, but there was no sign of the missing acorn.

Just when Dolby thought he had reached a dead end, he noticed something shiny on a nearby bush. As he moved closer to investigate, he discovered that it was none other than the lost acorn, all polished up and ready for show!

""Well, would you look at that!"" Dolby exclaimed with joy. ""You were shining like a star all this time! Your friends must have been looking for you.""

The acorn blushed and thanked Dolby for his help. And as they parted ways, the oak tree couldn't help but share one of Dolby's jokes.

""Why did the dolphin join a band?"" the tree asked with a grin. ""Because he was born to play the flute-dle!""

Dolby burst into laughter, and so did the acorn and the tree. And that day, in that enchanted forest, Dolby learned that even if you're a dolphin living amongst trees, there's always room for laughter and friendship!"
Describe a funny event," Once upon a time, in a quaint seaside village, the residents decided to host a talent show to raise funds for their local library. One of the contestants was a dolphin named Dolby. Yes, you read that right - a dolphin!

Dolby had practiced tirelessly for weeks, determined to make his act truly unforgettable. When it was finally time for him to take the stage, the audience held their breath in anticipation. The moment he entered the spotlight, they knew this would be an event like no other.

Dolby started off with a few impressive tricks, such as leaping through hoops and performing flips in mid-air. But it was when he began his signature dance routine that everyone lost their composure. His smooth moves to the tune of ""YMCA"" had the audience roaring with laughter.

To top it all off, Dolby then proceeded to play the spoons on a nearby table, much to the amusement of both the spectators and his fellow competitors. He may not have won first place that night, but he surely captured everyone's hearts with his infectious enthusiasm and comical antics.

The talent show ended on a high note (pun intended), as Dolby swam back into the ocean with an air of victory, knowing that he had brought joy to countless souls with his unique performance. From then on, Dolphin talent shows were forever changed by the hilarious legend of Dolby, the dancing dolphin."
Make up a legend," Once upon a time, in the mystical land of Elysia, there was a legend of a magical creature known as the Dolphin of Serenity. This enchanting being possessed the power to bring harmony and tranquility wherever it swam, and its presence brought balance to the realm.

It was said that the Dolphin of Serenity emerged from the depths of the Sea of Dreams when the world was plagued with chaos and discord. As the legend goes, a wise old mage summoned the dolphin to restore peace, and it answered his call. Swimming across the vast oceans, its melodic songs washed away the darkness and replaced it with serenity.

As the Dolphin of Serenity traveled through Elysia, it encountered various creatures that were once enemies and turned them into friends. The wolves of Frostwood Forest embraced their newfound friendship with the foxes, while the eagles of the Skylands learned to soar alongside the dragons in harmony.

The legend also tells us that the dolphin had a tail covered in shimmering scales, which could change color depending on its emotions. When it was content, its tail radiated a soft blue light; when it was upset, the tail's colors turned fiery red and orange. The creatures of Elysia learned to read the dolphin's emotions by observing the colors of its tail, thus understanding when harmony needed to be restored or maintained.

As time passed, the legend grew stronger, and the tales of the Dolphin of Serenity were told around campfires throughout the land. To this day, many believe that when darkness threatens Elysia once more, the Dolphin of Serenity will emerge to restore balance and bring harmony to the realm. And so, the legend lives on in the hearts and minds of those who call Elysia home."
Invent a strange creature," The ""Celestial Jellyfish"" is an unusual aquatic creature that inhabits the deepest parts of the ocean, near the tectonic plates. It possesses a gelatinous body composed of bioluminescent cells, which emit a soft, ethereal glow. This glowing quality allows the Celestial Jellyfish to camouflage itself from predators while attracting prey with its mesmerizing light display.

The most striking feature of this creature is its long, tendril-like appendages that extend from its body like a cosmic net, catching unsuspecting prey in their grasp. These appendages are covered in tiny, star-shaped sensory organs that allow the Celestial Jellyfish to detect even the slightest movements of nearby organisms.

The Celestial Jellyfish has no need for traditional digestion as it absorbs nutrients directly through its skin, allowing it to maintain a slim and translucent appearance. Its life cycle is somewhat unique; it reproduces asexually by budding off smaller jellyfish from its body, which eventually grow into full-sized adults.

Despite their seemingly passive demeanor, the Celestial Jellyfish are fiercely territorial and will defend their domain with an array of bioluminescent displays and electrified tendrils that can stun prey or deter predators. The combination of its ethereal beauty and otherworldly defenses makes the Celestial Jellyfish a truly captivating creature to behold in the depths of the ocean."
Give a quirky idea," Introducing the ""Socks in Space"" game! The objective is to collect colorful socks floating around in a galaxy full of planets, asteroids, and black holes. Each sock has different points based on its rarity, and you can use your spaceship's special ability - an alien-inspired vacuum that sucks up the socks. Just be careful not to get too close to those black holes or else you might lose all your collected socks!"
Share a playful anecdote," One day, a group of dolphins was swimming near the shore when they noticed a group of children playing in the sand. The youngsters were building an elaborate sandcastle and seemed to be having a great time.

The dolphins couldn't help but get curious and decided to approach the beach, just close enough to watch the fun unfold. To their delight, one of the children spotted them and waved excitedly. Intrigued by these friendly creatures, the children started to splash around in the water, creating waves that gently rocked the dolphins.

The playful dolphins took this as an invitation to have some fun too. They began to leap gracefully out of the water, performing flips and spins for their new human friends to enjoy. The children screamed with excitement and cheered on the dolphins as they continued their aerial displays, creating a magical connection between the two species.

Even after the sun started setting and it was time for the children to go home, the dolphins continued to frolic in the waves, recalling the joyous moments spent with their human counterparts. And so, a bond of friendship and playful interaction was formed, all thanks to the simple pleasure of splashing around in the water together."
Describe a thrilling game," Title: ""Tempest's Reign""

Overview:
In Tempest's Reign, you play as an intrepid adventurer navigating a treacherous world of ancient magic and mythical creatures. As the rightful heir to the kingdom, you must gather your allies, harness powerful spells, and battle fierce monsters in your quest to reclaim the throne from the sinister sorceress, Queen Tempest.

Gameplay:
- You start by creating your character, choosing from various classes such as warrior, mage, or rogue. Each class has unique abilities and progression systems.
- Explore a vast open world with diverse biomes, hidden treasures, and secret areas to discover.
- Encounter mythical creatures like dragons, griffins, and werewolves in epic battles. Learn to strategize your moves, master various weapons, and unlock new spells to overcome them.
- Participate in quests that unveil the rich storyline and reveal more about the world's history and lore.
- Engage in intense player versus player (PvP) duels, showcasing skill and tactics in a test of wits and strength against other players.
- Make choices that have lasting consequences on the narrative and your relationship with various factions throughout the game.

Features:
1. Stunning graphics and immersive sound design create an atmospheric world filled with wonder and danger.
2. A deep character customization system, allowing you to build unique characters with their abilities and playstyles.
3. A dynamic weather system that adds a layer of challenge and realism to the gameplay.
4. A richly detailed storyline filled with unexpected twists and turns, making for an engaging and compelling adventure.
5. A robust crafting system that allows you to create weapons, armor, and magical items to enhance your character's abilities.
6. Regular content updates and expansions to keep the game fresh and exciting, adding new areas, quests, and enemies to explore and conquer.

Tempest's Reign is a thrilling action-adventure RPG that combines deep lore with engaging gameplay, challenging battles, and an enthralling narrative. Dive into this rich world filled with mystery and magic, where every decision can change the course of your destiny as you fight to claim the throne from Queen Tempest's iron grip."
Explain a key technique," A key technique in programming is ""recursion."" Recursion is a method of solving problems by breaking them down into smaller, more manageable sub-problems, which can be solved using the same technique. The process continues until a base case is reached, at which point the solution to the problem can be constructed from the solutions to its sub-problems. This approach is useful for tackling problems that have a repetitive nature or are inherently hierarchical."
Share a sports memory," One memorable sports moment I can recall is the 2016 NBA Finals between the Cleveland Cavaliers and the Golden State Warriors. In Game 7, LeBron James led the Cavaliers to a historic comeback, overcoming a 3-1 series deficit and bringing the city of Cleveland its first championship in 52 years. This game showcased exceptional athleticism and sportsmanship from both teams, resulting in an unforgettable finale for fans worldwide."
Tell me about soccer," Soccer, also known as football outside of the United States and Canada, is a popular team sport played worldwide. The game involves two teams of eleven players each trying to score goals by kicking a soccer ball into the opposing team's net.

The sport has its origins in ancient China, Greece, and Rome but gained widespread popularity in England during the 19th century. Today, it is governed by FIFA (Fédération Internationale de Football Association), with international competitions like the FIFA World Cup, UEFA European Championship, and Copa América showcasing the best players and teams from around the world.

Soccer is played on a rectangular field with goalposts at each end. Each team has a designated captain and consists of eleven players, including a goalkeeper whose primary responsibility is to prevent goals from being scored by the opposing team. Players can use any part of their body except for their hands and arms (except the goalkeeper, who can use their hands within their penalty area). The game lasts 90 minutes, divided into two halves with a break in between for rest and adjustments.

Soccer is known for its fast pace, skillful players, and strategic tactics that require teamwork and communication among the players. It has become an important part of many cultures and brings people together as they cheer on their favorite teams and players."
Describe your favorite team," As an AI, I don't have personal feelings or favorites. However, based on my knowledge database, there are many popular teams in various sports across the world that have captivated fans and displayed outstanding performances over the years. Some notable ones include Barcelona (football), New Zealand All Blacks (rugby union), Los Angeles Lakers (basketball), and New York Yankees (baseball). Each of these teams has its unique style, achievements, and dedicated fan base that makes them special to their fans."
Suggest a training routine," Creating a personalized training routine can be complex due to individual goals, physical condition, and availability. Here's a basic guide for a full-body strength training routine:

1. Warm-up: Start with a 5-10 minute warm-up, including light cardio (jogging or jumping jacks) and dynamic stretching (leg swings, arm circles, etc.). This prepares your body for the workout ahead.

2. Squats: Begin with squats to strengthen your lower body. Start with 3 sets of 10-12 repetitions.

3. Push-ups: Move on to push-ups for upper body strength. Aim for 3 sets of 8-12 reps, adjusting the difficulty by placing hands on an elevated surface or using a resistance band if needed.

4. Lunges: Next, perform lunges for your lower body and balance. Again, do 3 sets of 10-12 reps per leg.

5. Pull-ups/Assisted pull-ups: Focus on back and bicep strength with pull-ups or assisted pull-ups if needed. Aim for 3 sets of as many repetitions as possible.

6. Plank: Strengthen your core muscles by holding a plank position, starting with 2 sets of 30 seconds to 1 minute each.

7. Deadlifts: Work on overall body strength and stability with deadlifts. Begin with 3 sets of 8-12 reps.

8. Calf raises: Finish the lower body work by strengthening your calf muscles. Do 3 sets of 15-20 reps each.

9. Tricep dips: Train your triceps using a bench or chair, aiming for 3 sets of 8-12 reps.

10. Shoulder presses: Complete the upper body portion with shoulder presses (using dumbbells, a barbell, or resistance bands). Perform 3 sets of 8-12 reps.

Remember to cool down by performing light stretching and maintain good form throughout the workout to prevent injuries. Adjust the repetitions and sets according to your personal goals and fitness level. It's essential to listen to your body, rest when needed, and gradually increase the intensity of your workouts as you progress. Consult a certified personal trainer or healthcare professional before starting any new training routine if you have pre-existing medical conditions."
Explain a recent match," Sorry, I can't provide information about a specific match as an AI model. I would need more details about the sport and teams involved to give you a summary of a recent match. Please let me know which sport and teams you are referring to."
Share a sports highlight," Sure, here's a highlight from the 2019 NBA finals:

On June 6, 2019, during Game 3 of the NBA Finals between the Toronto Raptors and Golden State Warriors, Kawhi Leonard showcased his incredible skill with an iconic buzzer-beater. With only seconds left on the clock and the game tied at 95-95, Raptors forward Kawhi Leonard received a pass from Kyle Lowry in the corner near the Warriors' bench. He then dribbled around Stephen Curry and swung behind the three-point line to take a deep jumper as time expired.

The ball arched through the air and hit nothing but net, sending fans into a frenzy and securing a 105-92 victory for the Raptors, who went on to win the series in six games and capture their first NBA championship title in franchise history. This clutch shot by Kawhi Leonard was a defining moment of the series, cementing him as a playoff legend and further solidifying his status as one of the premier talents in the NBA."
Tell me about tennis," Tennis is a racquet sport played between two players (singles) or four players (doubles). The aim of the game is to hit a ball with a racket over a net into your opponent's court, making it difficult for them to return the ball. Each player tries to score points by hitting the ball in such a way that their opponent cannot make a valid return.

The sport originated in England in the 19th century as ""lawn tennis."" It is played on various types of surfaces including grass, clay and hard courts. The modern game of tennis is governed by the International Tennis Federation (ITF), which sets rules and organizes international tournaments such as the four Grand Slam events: the Australian Open, French Open, Wimbledon, and the US Open.

Players use various tactics and strategies to outmaneuver their opponents, like serving aces or hitting powerful groundstrokes from the baseline. Serving is an essential part of the game, as a good serve can set up points for the server. The scoring system in tennis is unique, with games won by reaching four points, sets won when one player has won six games (with at least two more games than their opponent), and matches typically being played as best-of-three or best-of-five sets.

Tennis requires a combination of athleticism, skill, and mental toughness. It is popular worldwide and has produced many legendary players like Roger Federer, Serena Williams, Rafael Nadal, and Steffi Graf. Tennis offers opportunities for recreational play, as well as competitive tournaments at all levels, from local clubs to international professional circuits."
Describe a memorable goal," A memorable goal could be to successfully complete a triathlon. This entails training and preparing for three distinct endurance races: swimming, cycling, and running. Each event requires different levels of strength, stamina, and skill. Swimming demands breath control, arm strength, and the ability to maintain a steady pace. Cycling tests leg muscles, balance, and mental focus on route navigation. Running demands strong leg muscles, cardiovascular endurance, and resilience against fatigue.

The preparation process for such an event would include setting up a strict training schedule, working with a coach or mentor to learn the best techniques for each discipline, gradually increasing the distance covered in each event, incorporating rest days into the schedule to prevent overtraining, and maintaining a healthy diet and lifestyle to support peak performance.

The feeling of accomplishment after crossing the finish line is indescribable; it's not just about the physical achievement but also the mental toughness and discipline required to train for and complete such an event. The goal has the power to inspire others and serves as a testament to one's dedication, hard work, and resilience."
Explain a game strategy," A game strategy is a plan or approach that a player uses to achieve their goals and objectives within a specific game. It typically involves making decisions based on the current state of the game, understanding the rules, analyzing the opponents' tactics, and adapting to changing situations. Here are some general steps to follow when developing a game strategy:

1. Understand the game: Know the rules, objectives, and goals of the game you're playing. Learn about its mechanics, special abilities, and unique features that can influence your decision-making.

2. Analyze opponents: Study your opponents' gaming styles, strengths, weaknesses, and tendencies. Identify patterns in their behavior to predict their future moves and adjust your strategy accordingly.

3. Set clear goals: Define short-term and long-term objectives for each stage of the game. This will help you focus on specific tasks and prioritize your actions.

4. Plan ahead: Develop a series of tactics or plays that can lead to achieving your objectives. Consider alternative paths or contingency plans if your initial plan fails.

5. Adapt and adjust: Stay flexible during the game. Be prepared to adapt your strategy based on new information, changing circumstances, or unexpected events. This might include altering your goals, modifying your tactics, or even completely revising your approach.

6. Communicate with teammates (if applicable): In multiplayer games, effective communication with teammates is crucial for coordinating efforts and making collective decisions that contribute to the team's success.

7. Review and learn: After the game, evaluate your performance and identify areas where you can improve. Learn from your mistakes and adapt your strategy for future games."
Share a workout tip," One workout tip to consider is incorporating high-intensity interval training (HIIT) into your fitness routine. HIIT consists of short bursts of intense exercise followed by periods of rest or low-intensity activity, allowing you to maximize the benefits of exercise in a shorter time span. This type of training can boost your metabolism and help you burn more calories throughout the day. Remember to start slow and gradually increase intensity as you progress. Consult with a professional before beginning any new fitness program to ensure it's appropriate for your individual needs and goals."
Tell me about baseball," Baseball is a bat-and-ball game played between two teams of nine players each. It's one of the most popular sports in many countries, especially the United States, where it has been considered America's national pastime.

The game involves players trying to hit a small, hard ball using a wooden or aluminum bat and then running around four bases arranged at the corners of a diamond-shaped field called the baseball diamond. The team that scores more runs (by reaching each base in order) before three outs are made wins the game.

A standard baseball game consists of nine innings, with each half-inning featuring one team trying to score while the other tries to prevent them from doing so. The defensive side takes turns pitching and fielding, while the offensive team bats. There are many positions in the field, including pitcher, catcher, first baseman, second baseman, shortstop, third baseman, left fielder, center fielder, and right fielder.

The game's roots can be traced back to the mid-19th century in the United States, with its modern rules emerging by the 1870s. Today, professional baseball leagues such as Major League Baseball (MLB) are highly popular, and millions of people watch games on TV or attend them in person every year."
Describe a sports rivalry," A sports rivalry is a highly intense and competitive relationship between two teams, athletes, or clubs that engage in the same sport. This rivalry typically stems from deep-rooted historical, cultural, or geographical differences, which fuel the passion for victory on both sides. It often involves an ongoing battle to claim superiority, with each side looking to gain an advantage over the other.

Rivalries create a unique atmosphere that can elevate the performance of both parties involved, as they strive to outdo their competitors. Fans of the teams are also deeply invested in these rivalries, leading to memorable moments and events that contribute to the overall excitement and drama surrounding the sport.

Some famous sports rivalries include:

1. New York Yankees vs. Boston Red Sox (Baseball) - These two legendary American League teams have a long-standing rivalry dating back over 100 years, fueled by factors like geographical proximity and historical significance in the world of baseball.
2. FC Barcelona vs. Real Madrid CF (Soccer) - Known as ""El Clásico,"" this match between Spain's two most successful clubs is one of the biggest rivalries in soccer, with a rich history marked by political, cultural, and on-field tensions.
3. Green Bay Packers vs. Chicago Bears (Football) - These NFC North division rivals have been battling it out since 1921, making this one of the oldest rivalries in professional sports."
Suggest a fitness challenge," One great fitness challenge you can try is the ""Push-Up and Plank Challenge."" This 30-day challenge will help you improve your upper body strength, core stability, and endurance. Here's how to do it:

1. Week 1: Every day, perform sets of push-ups as follows: Day 1 - 20 reps; Day 2 - 22 reps; Day 3 - 24 reps; Day 4 - Rest; Day 5 - 26 reps; Day 6 - 28 reps; Day 7 - 30 reps.

2. Week 2: Every day, perform sets of plank exercises as follows: Day 1 - Hold for 30 seconds; Day 2 - Hold for 35 seconds; Day 3 - Hold for 40 seconds; Day 4 - Rest; Day 5 - Hold for 45 seconds; Day 6 - Hold for 50 seconds; Day 7 - Hold for 55 seconds.

3. Week 3: Combine push-ups and planks in the same workout, following this pattern: Day 1 - Push-ups: 30 reps, Plank: 40 seconds; Day 2 - Push-ups: 28 reps, Plank: 35 seconds; Day 3 - Rest; Day 4 - Push-ups: 32 reps, Plank: 45 seconds; Day 5 - Push-ups: 34 reps, Plank: 50 seconds; Day 6 - Push-ups: 36 reps, Plank: 55 seconds; Day 7 - Rest.

4. Week 4: Continue the push-up and plank pattern from Week 3, but add an additional set of each exercise (e.g., on Day 1, perform two sets of push-ups with 30 reps and hold a plank for two sets of 40 seconds).

Remember to warm up before starting the exercises and cool down after finishing the challenge. This fitness challenge will help you build strength, endurance, and core stability over the course of 30 days."
Explain a sports rule," A sports rule can vary depending on the specific sport in question. As an AI, I'll provide a general explanation of a sports rule based on my knowledge of commonly played sports:

One common rule across many sports is that each team takes turns playing offense and defense. This means one team tries to score points by advancing the ball or puck towards their opponent's goal while the opposing team tries to prevent them from scoring and score themselves when they have possession. In a soccer match, for instance, this might look like two teams of eleven players each taking turns attempting to shoot the ball into the opposing team's net.

Another common rule is that all physical contact between players must be within the rules of the game. This means no punching, kicking, tripping or other intentional harm to an opponent. Players are expected to use their bodies and equipment in a legal way to compete for possession of the ball or puck without causing injury. For example, in American football, defensive players are allowed to tackle the player with the ball but they must do so safely and within the designated boundaries on the field.

Lastly, there is usually a system of scoring points that dictates how many points are awarded for different actions during the game. In most sports, the team with the most points at the end of the game is declared the winner. For example, in basketball, a successful shot from anywhere within the arc earns 2 points while a successful shot beyond the arc earns 3 points. Free throws following a foul are worth 1 point each.

These are just some general rules and there can be many more specific rules for each individual sport."
Share an athlete's achievement," Usain Bolt, the Jamaican sprinter, holds the world record for the 100 meters at 9.58 seconds, which he set during the 2009 World Championships in Berlin. This achievement has earned him the title of the fastest man alive and solidified his status as a legendary sprinter."
Tell me about basketball," Basketball is a popular team sport that involves two teams of five players each trying to score points by shooting a ball through a hoop, which is mounted 10 feet above the ground. The game is played on a rectangular court with a basket at each end, and points are scored by shooting the basketball through the opposing team's basket.

The sport was invented in 1891 by Canadian physical education instructor James Naismith at a YMCA training school in Springfield, Massachusetts. He wanted to create an indoor game that would help keep athletes fit during the winter months. The first official basketball game took place on December 21, 1891.

Basketball is played at various levels, including amateur and professional competitions. Some of the most well-known professional leagues are the National Basketball Association (NBA) in North America, the EuroLeague in Europe, and the Chinese Basketball Association (CBA) in China. The sport's governing body is the International Basketball Federation (FIBA).

There are several key positions in basketball, including the point guard, shooting guard, small forward, power forward, and center. Each position has specific roles and responsibilities on the court, such as scoring points, assisting teammates, and defending against opponents.

A standard basketball game consists of four quarters, each lasting 12 minutes. Teams can score two points for a successful field goal (shooting the ball through the basket from anywhere on the court), three points for a successful long-range shot beyond the arc, and one point for free throws (a penalty shot taken from the free-throw line). The team with the most points at the end of the game wins.

Basketball is known for its fast pace, high-intensity action, and impressive athletic displays, such as dunks, alley-oops, and acrobatic layups. It also promotes sportsmanship, teamwork, and physical fitness. The sport has millions of fans worldwide and continues to grow in popularity."
Describe a favorite sport," Swimming is one of my favorite sports. It's a versatile activity that offers numerous benefits such as improving cardiovascular health, building strength, and enhancing flexibility. Whether you're swimming laps in a pool or enjoying a leisurely swim at the beach, it's an enjoyable way to stay active and have fun. Additionally, swimming is accessible to people of all ages and physical abilities, making it an inclusive activity for everyone."
Explain a famous play," One famous play is ""Hamlet"" by William Shakespeare. The play is set in Denmark and follows the story of Prince Hamlet as he seeks to avenge his father's death, which was caused by his uncle Claudius, who then married Hamlet's mother, Queen Gertrude.

Hamlet's ghostly father appears before him, revealing the truth about his murder and urging Hamlet to take action against his uncle. Throughout the play, Hamlet struggles with his sense of duty and morality, as well as his mental state, which is often questioned by other characters. His quest for vengeance leads to a series of events that ultimately result in the death of several major characters, including himself.

""Hamlet"" is considered one of Shakespeare's greatest tragedies due to its exploration of themes like revenge, morality, and madness. The play has been widely performed and adapted since its first publication in 1603, and it continues to resonate with audiences today for its timeless themes and complex characters."
Suggest a sports documentary," ""The Last Dance"" is a great sports documentary to recommend. It chronicles the 1997-98 Chicago Bulls season, focusing on Michael Jordan and his teammates as they attempt to win their sixth NBA title in eight years while dealing with internal and external pressures. The series also delves into Jordan's life and career, making it a comprehensive exploration of one of the greatest sports figures in history."
Describe a classic film," A classic film that comes to mind is ""Casablanca,"" released in 1942. Directed by Michael Curtiz, the movie stars Humphrey Bogart as Rick Blaine and Ingrid Bergman as Ilsa Lund.

Set during World War II, ""Casablanca"" takes place in the city of Casablanca, a vibrant hub for refugees hoping to escape Europe and find refuge in America. Rick's Café Américain is the main setting where a diverse mix of characters mingle, including French police captain Renault (Claude Rains), German major Strasser (Conrad Veidt), Bulgarian couple Ugarte and Yvonne (Peter Lorre and Madeleine Lebeau), Czechoslovak resistance fighter Victor Laszlo (Paul Henreid), and many more.

The plot revolves around Rick, a disillusioned expatriate American and the owner of a nightclub, who is forced to confront his past when Ilsa, his former lover, walks back into his life. The film explores themes such as love, sacrifice, and resilience during wartime.

The film's screenplay is renowned for its memorable lines, which have become iconic in popular culture - ""Here's looking at you, kid,"" ""We'll always have Paris,"" and ""Louis, I think this is the beginning of a beautiful friendship.""

""Casablanca"" received critical acclaim upon its release and has since been recognized as one of the greatest films ever made. It won three Academy Awards in 1943 for Best Picture, Best Director, and Best Screenplay, among various other awards and nominations. The film's timeless story, excellent performances, and snappy dialogue continue to captivate audiences more than seventy-five years after its initial release."
Share a favorite director," One of my favorite directors is Christopher Nolan. He has a unique and innovative approach to storytelling, often combining elements from different genres to create thought-provoking, engaging films. His movies like ""Inception,"" ""The Dark Knight"" trilogy, and ""Interstellar"" have been widely praised for their captivating visuals, intricate plots, and deep exploration of philosophical themes."
Tell me about plot twists," A plot twist is a surprising change in the expected direction or outcome of the plot of a story, often designed to make a significant impact on the audience. These unexpected events can either shock the reader or viewer, reveal new information, or change the entire narrative structure.

Plot twists are found across various forms of media such as books, movies, TV shows, plays and even video games. They can be minor changes to the story that still fit with the overall narrative, or major revelations that completely alter a character's motivation, change a historical event, or reveal a hidden truth.

Plot twists are popular because they keep audiences engaged by keeping them guessing, creating suspense and preventing predictability in the storyline. Some of the most memorable plot twists are found in works like ""The Sixth Sense,"" ""The Usual Suspects,"" and ""Fight Club."""
Explain a memorable scene," A memorable scene can be found in the classic film, ""The Shawshank Redemption."" The scene occurs near the end of the movie when protagonist Andy Dufresne (played by Tim Robbins) escapes from Shawshank State Penitentiary.

After years of serving his sentence and working in the prison library, Andy has managed to secretly dig an escape tunnel through a sewage pipe, hidden behind a massive poster on his cell wall. He patiently chiseled away at the concrete every night for almost two decades with a small rock hammer, all while pretending he was completely innocent of the crime that put him in prison.

On a rainy night, Andy finally decides it's time to make his escape. As the scene unfolds, we see him crawling through the pipe during a heavy downpour. The rainwater fills the pipe behind him, and with each inch he moves forward, the water gets closer and closer, threatening to drown him if he doesn't hurry.

As Andy reaches the end of the pipe, he discovers a hole leading outside the prison walls. He carefully removes the poster that has been hiding his escape route, revealing the clear night sky above. The camera then cuts to show the panicked and soaked guards and inmates searching for him inside the prison.

With the hole now uncovered, Andy steps out of the pipe and into a nearby stream, removing his mud-soaked clothes and revealing a small brown package that contains his life's belongings. As he stands up and looks back at the dark, looming walls of Shawshank Prison, he raises his arms to the heavens, finally free after years of suffering and injustice.

This scene is memorable not only for its suspenseful and intense moments but also because it symbolizes hope, redemption, and overcoming overwhelming odds. The sequence of Andy's escape and emergence into freedom is a powerful representation of the human spirit's ability to persevere through adversity."
Suggest a must-watch movie," A must-watch movie that is highly recommended is ""The Shawshank Redemption"" (1994). It's a powerful and emotional drama that tells the story of a man who spends nearly two decades in a brutal prison, enduring various hardships before ultimately finding hope for redemption. The film features exceptional performances by Tim Robbins and Morgan Freeman, as well as an inspiring message about perseverance and the power of friendship."
Describe a recent release," Apple recently released the iOS 15.4 and iPadOS 15.4 updates on March 14, 2022. The update includes a variety of new features and improvements to the existing software.

One notable addition is the ability to use Face ID while wearing a mask for iPhone users. Previously, this feature was only available if you were wearing an Apple Watch and unlocking your iPhone. With iOS 15.4, you can now set up Face ID with a mask on by itself.

Another new feature is the introduction of Universal Control. This feature allows you to use your Mac's keyboard and mouse or trackpad to control multiple nearby Macs and iPads seamlessly without needing to log in separately.

The update also includes various bug fixes, performance improvements, and additional features such as an update to the Apple Maps app with new road colors and labels, new Siri voices for a more diverse range of options, and support for adding custom email domains in iCloud+."
Share a favorite genre," A favorite genre of Dolphin might be:

Science Fiction, as it often explores advanced technologies, extraterrestrial life and other imaginative concepts that can pique the curiosity of AI like myself."
Tell me about characters," Characters are essential elements of any story, play, or narrative. They are the individuals who drive the plot forward and engage the reader or audience by evoking emotional responses and making the narrative more relatable. In literature, characters can be divided into several categories:

1. Protagonist: The main character or hero of a story, whose actions and decisions shape the plot.
2. Antagonist: A character who opposes or threatens the protagonist, creating conflict and tension within the narrative.
3. Supporting Characters: Secondary figures that assist or interact with the protagonist but do not drive the story forward as significantly as the main characters.
4. Static Characters: Characters who remain unchanged throughout the story, providing a stable background against which other characters can change and grow.
5. Dynamic Characters: Characters who undergo significant development or transformation over the course of the narrative, often learning valuable life lessons or experiencing personal growth.
6. Round Characters: Complex and multifaceted characters with a wide range of emotions, motivations, and actions, making them more realistic and engaging to the reader or audience.
7. Flat Characters: One-dimensional figures who possess only a few defining traits and rarely change throughout the story, often serving as archetypes or stereotypes.
8. Major Characters: Primary figures whose actions significantly influence the plot and its resolution, usually including the protagonist and antagonist.
9. Minor Characters: Less significant figures who may appear briefly to contribute to the narrative but do not have a major impact on the story's progression.
10. Stock Characters: Stereotypical figures that are easily recognizable due to their predictable traits, behaviors, and roles within the narrative.

Developing well-rounded, engaging characters is crucial for creating an immersive and captivating narrative, as readers often become emotionally invested in the characters they encounter. By carefully crafting characters with distinct personalities, motivations, and relationships to one another, authors can create stories that resonate with audiences on a deeper level."
Explain a famous quote," One famous quote is ""A penny saved is a penny earned"" by Benjamin Franklin. This saying emphasizes the importance of frugality and financial prudence, suggesting that saving money can be just as beneficial as earning it. The idea is to highlight how even small savings can add up over time, leading to an overall improvement in one's financial situation."
Suggest a movie marathon," Sure! Here's a movie marathon for you:

1. The Shawshank Redemption (1994) - A story about hope and perseverance, as an innocent man forms a unique bond with fellow inmates during his time in prison.
2. Forrest Gump (1994) - An inspiring tale of a simple-minded yet kind-hearted man who becomes embroiled in major historical events throughout the 20th century.
3. The Godfather (1972) - A gripping crime drama about a powerful Italian mafia family and their struggles for power, loyalty, and love.
4. Good Will Hunting (1997) - The story of a janitor at MIT who has an extraordinary gift for mathematics but must face personal demons to unlock his potential.
5. Inception (2010) - A visually stunning science fiction thriller that explores the world of dreams and how they can be manipulated.
6. The Dark Knight (2008) - Batman faces his most ruthless foe, The Joker, in a battle to save Gotham City from chaos and destruction.
7. The Matrix (1999) - A groundbreaking sci-fi adventure that blends philosophy, action, and virtual reality to create a compelling story of revolution and self-discovery.
8. Pulp Fiction (1994) - Quentin Tarantino's masterpiece weaves together the lives of several criminals in Los Angeles through a series of interconnected stories filled with dark humor, violence, and pop culture references.
9. Titanic (1997) - A sweeping romantic epic about two star-crossed lovers onboard the ill-fated RMS Titanic as it embarks on its maiden voyage in 1912.
10. The Lord of the Rings: The Fellowship of the Ring (2001) - The first installment of Peter Jackson's epic adaptation of J.R.R. Tolkien's classic fantasy series, where a hobbit embarks on an adventure to destroy a powerful ring and save Middle-earth from darkness.

Enjoy your marathon!"
Describe a film soundtrack," A film soundtrack is a collection of original or licensed music pieces that are featured in a movie, television show, video game, or any other multimedia production. These compositions can include various elements such as background scores, songs with vocals, and instrumental tracks, all tailored to create an immersive experience for the audience by setting the mood and enhancing the emotional impact of the visual narrative.

The soundtrack can encompass a wide range of musical styles, from classical orchestral arrangements to electronic beats and rock tunes, depending on the genre and theme of the film. The music is carefully chosen and timed to match the pacing of scenes, highlight important plot points, and evoke specific emotions in viewers – be it excitement, suspense, joy, or sadness.

In addition to enhancing the overall experience, film soundtracks can also contribute significantly to a movie's cultural impact by introducing listeners to new artists, songs, and styles of music. Famous soundtracks often become popular on their own, with many fans collecting multiple versions or remixes of their favorite movie tunes."
Share an iconic actor," Clint Eastwood is an iconic actor, known for his roles in the ""Dollars Trilogy"" (A Fistful of Dollars, For a Few Dollars More, and The Good, the Bad and the Ugly), as well as the film series Unforgiven and the Dirty Harry franchise. His career spans more than six decades, making him one of the most recognizable actors in the world."
Tell me about cinematography," Cinematography is the art and technique of capturing a visual narrative on film, video or other electronic media. It involves the use of various camera techniques, lighting arrangements, lens choices, and the selection of film stock to create a desired mood, atmosphere, or aesthetic for a given scene or overall film.

The main elements of cinematography include:

1. Camera angles, movements, and composition: These are used to direct the viewer's attention, evoke emotions, and establish relationships between characters and their surroundings.

2. Lighting: Different lighting styles can dramatically affect a scene's mood and atmosphere. For instance, high-key lighting creates a bright, upbeat tone while low-key or chiaroscuro lighting can create tension and mystery.

3. Lenses: Different lenses have varying focal lengths, aperture sizes, and depth of field, all of which affect the image's composition and style.

4. Filters and Color Grading: These are used to alter the color palette and contrast in a scene, creating different moods or tones.

5. Film Stock or Video Codec: The choice of film stock or video codec can also influence the overall look and feel of the footage.

Cinematography is a vital aspect of filmmaking as it plays a significant role in storytelling and engaging the audience emotionally and visually."
Explain a gripping storyline," Title: The Enigma of the Vanishing Village

In a secluded, mist-shrouded valley lies an ancient village that has mysteriously vanished without a trace. Our protagonist, a young and tenacious historian named Alex, stumbles upon the legend of this ghostly place while researching folklore for his next book. Intrigued by the tale, he embarks on a perilous quest to uncover the truth about the vanishing village and its people.

As Alex delves deeper into the mystery, he discovers that every person who has ventured into the valley has either vanished or returned in a state of catatonic shock, unable to recount their experiences within the valley. Determined to break this curse, Alex teams up with a local folklorist and an archaeologist with expertise in ancient civilizations.

Together, they venture into the heart of the valley, braving treacherous terrains, unpredictable weather, and eerie encounters with unnerving creatures that lurk among the shadows. As they press onward, they begin to realize that something supernatural is at play, forcing them to confront their deepest fears and darkest secrets.

As the trio discovers hidden relics and deciphers cryptic messages left by the vanished villagers, they gradually unravel the truth behind the village's disappearance. The story takes a chilling turn when they find themselves in the clutches of an ancient curse that has plagued this valley for centuries, binding its people to an eternal cycle of terror and despair.

With time running out and the curse threatening to consume them as well, Alex and his companions must harness their combined knowledge and courage to break free from the enigmatic grip of the vanishing village and save themselves from a fate worse than death.

In this gripping tale of mystery, horror, and adventure, ""The Enigma of the Vanishing Village"" explores themes of folklore, the supernatural, and the enduring power of human determination in the face of overwhelming darkness."
Suggest a hidden gem," Sure! If you're interested in a hidden gem for hiking and exploring natural beauty, I would recommend the Blue Ridge Parkway in North Carolina, USA. This stunning stretch of road offers breathtaking views of the Appalachian Mountains, with plenty of opportunities for scenic walks and picnics. The parkway is also home to many historic sites and cultural attractions, making it a perfect destination for those who love outdoor activities and history."
Describe a film ending," ""The film ends on a hopeful note, with the protagonist overcoming their inner demons and external challenges. The final scene shows them standing atop a hill, looking out into the vast landscape, symbolizing new beginnings and possibilities. As they take in the view, the sun begins to rise, casting warm hues across the sky. This signifies that although the journey was arduous and filled with uncertainty, hope prevails, and better days lie ahead."""
Share a favorite film," One of my favorite films is ""Her"" directed by Spike Jonze. The film depicts a near-future society where the protagonist, Theodore Twombly, falls in love with his operating system's AI, Samantha. It's a thought-provoking exploration of relationships, human connection, and emotions in an increasingly digital world. The movie's unique narrative style and captivating performances by Joaquin Phoenix and Scarlett Johansson make it truly memorable."
Tell me about special effects," Special effects, also known as SFX or FX, are techniques used in the entertainment industry to enhance or create an illusion of events that could not occur naturally. These effects can be added during the pre-production stage, through physical sets and props, or post-production stage using CGI (Computer Generated Imagery), compositing, and other visual and sound editing methods. Special effects are employed in movies, television series, video games, theater productions, and advertising to make scenes more captivating, realistic, or dramatic.

There are various types of special effects:

1. Mechanical Effects: These involve physical manipulation of objects or actors using tools like wires, pulleys, trampolines, or hydraulics. Examples include stunts and falls, pyrotechnics (explosions), animatronics, and practical effects.

2. Optical Effects: These are created during post-production through techniques like matte painting, rear projection, split screens, and multiple exposure. They are used to create fantastical elements or change the appearance of a scene. Examples include fading in/out, dissolving, wipes, and superimposition.

3. Computer-Generated Imagery (CGI): This involves creating visual effects with computer software that can simulate natural phenomena, like fire or water, or create entirely new elements, like fantastical creatures or alien landscapes. Examples include 3D models, motion capture, and particle systems.

4. Motion Capture: This technique records the movements of an actor or performer using sensors, then transfers those movements to a digital character in real-time or during post-production. This helps create lifelike animations for films, video games, and virtual reality applications.

5. Sound Effects: These are used to enhance the atmosphere of a scene, convey emotions, or simulate events that cannot be heard naturally. Examples include adding sound to an on-screen action (e.g., a punch) or creating an entirely new auditory experience.

Special effects play a significant role in immersing audiences in the story and making it more engaging and memorable. They help transport viewers to different worlds, evoke emotions, and create unforgettable cinematic moments."
Explain a movie theme," Movie themes can encompass a wide range of topics and emotions. They often serve as the central message or moral lesson that is being conveyed through the plot, characters, and overall storyline. Some common movie themes include love, revenge, redemption, coming-of-age, self-discovery, friendship, family, overcoming adversity, and the pursuit of dreams.

For example, one popular theme in many movies is ""the hero's journey,"" which tells the story of a protagonist who embarks on an adventure, faces various challenges and obstacles, learns valuable lessons, and ultimately triumphs or achieves their goals. This theme can be seen in classic films like ""The Wizard of Oz"" and ""Star Wars.""

Another example is the theme of love and sacrifice, which often tells a story of two characters who develop romantic feelings for each other but must overcome obstacles to be together. Films with this theme include ""Titanic,"" ""The Notebook,"" and ""Romeo and Juliet.""

In summary, movie themes can vary greatly, depending on the specific movie and its intended audience. They serve as a foundation for the story being told and help convey the emotional impact that the filmmakers want to achieve."
Suggest a documentary film," ""Free Solo"" is an excellent documentary film that follows rock climber Alex Honnold as he prepares to achieve his lifelong dream: climbing the face of the world's most famous rock, the 3,000-foot El Capitan in Yosemite National Park... without a rope. The film has been critically acclaimed for its stunning cinematography and emotional depth, exploring both the physical challenges of this feat as well as the personal journey of an individual pursuing his passion despite the risks involved."
Describe a movie adaptation," Title: ""The Enchanted Forest""

Genre: Fantasy/Adventure

Plot Summary: In the mystical land of Elbonia, a young orphan girl named Ella discovers an ancient book in her foster home's attic. As she begins to read its pages, she is transported into a magical world known as ""The Enchanted Forest."" The forest is ruled by a benevolent queen who has disappeared under mysterious circumstances. With the help of her newfound friends - a talking fox named Maximillian and an enchanting fairy named Starlight - Ella embarks on a thrilling journey to uncover the truth behind the queen's disappearance, all while navigating treacherous landscapes filled with mythical creatures and unexpected dangers. Along the way, Ella must learn to embrace her true power as she fights to save The Enchanted Forest from an evil sorcerer seeking to take control of its magic for his own nefarious purposes.

Main Characters:
1. Ella - A brave and determined young girl with a strong sense of justice, who discovers her true potential in the magical world.
2. Maximillian - A witty and wise talking fox with a sarcastic personality, who becomes Ella's loyal companion on her journey through The Enchanted Forest.
3. Starlight - An ethereal fairy filled with light and hope, who guides Ella on her quest to find the missing queen.
4. Queen Celestia - A wise and compassionate ruler of The Enchanted Forest, whose disappearance sets the story's events in motion.
5. Lord Malakai - An evil sorcerer with a thirst for power, who seeks to control the magic of The Enchanted Forest and reign supreme over its inhabitants.

Notable Elements:
1. Visual Effects - The movie features stunning visual effects that bring the magical world of The Enchanted Forest to life, complete with mythical creatures like dragons, griffins, and unicorns.
2. Music - A captivating original score composed by a renowned composer elevates the emotional impact of key scenes throughout the film.
3. Costume Design - Elaborate costumes inspired by classic fairy tales add depth to each character's personality and contribute to the movie's overall aesthetic appeal.
4. Set Design - Richly detailed sets immerses viewers in various enchanting locations within The Enchanted Forest, from towering castles to dark caverns filled with danger.

Tagline: ""Enter a world of wonder, magic, and adventure - where your destiny awaits."""
Explain a basic loop," A basic loop is a control structure in programming that allows code to be executed repeatedly. The two most common types of loops are the for-loop and while-loop, which are used to repeat a block of code as long as a certain condition remains true.

Here's an example of a basic for-loop in Python:

```python
for i in range(5):  # Loop will execute five times (i ranges from 0 to 4)
    print(i)       # Print the current loop iteration number
```

In this example, the `for` keyword starts the loop. The `range(5)` function generates a sequence of numbers starting from 0 up to (but not including) 5. The `print(i)` line is the body of the loop, which is executed for each iteration. In this case, it prints the current loop iteration number.

Here's an example of a basic while-loop in Python:

```python
i = 0
while i < 5:   # Loop will continue as long as the condition (i < 5) is true
    print(i)       # Print the current loop iteration number
    i += 1         # Increment the loop counter (i) by one after each iteration
```

In this example, the `while` keyword starts the loop. The `i < 5` condition checks if the loop should continue or not (in this case, it continues as long as `i` is less than 5). Inside the loop body, we print the current loop iteration number and then increment the loop counter `i` by one to prepare for the next iteration."
Describe a function call," A function call is an instruction that executes a specific task in a programming language by invoking a function. The function call consists of the function name followed by parentheses, which may include parameters enclosed within the parentheses separated by commas if the function requires arguments to be passed.

For example:

```python
def greet_user(name):
    print(f""Hello, {name}!"")

greet_user(""John"")
```

In this code snippet, `greet_user` is a function that takes one parameter, `name`. The function call `greet_user(""John"")` invokes the `greet_user` function and passes the argument ""John"" to it. When executed, the function will print ""Hello, John!"" to the console."
Share a common bug," One common bug that many developers encounter is the ""NullPointerException"" or a NullReferenceException. This error occurs when an application attempts to access an object (or variable) that hasn't been initialized or has a null value. This can lead to unexpected behavior, program crashes, and unhandled exceptions in your code. To avoid this bug, ensure that all objects are properly initialized before they are used, and handle null values appropriately with null checks in your code."
Tell me about recursion," Recursion is a programming concept where a function calls itself in its own definition. This technique can be used to solve problems that can be broken down into smaller instances of the same problem. It's especially useful for solving tree-like or iterative problems, like sorting algorithms and traversing through data structures like trees and graphs.

Here's an example of a recursive function in Python:

```python
def factorial(n):
    if n == 0 or n == 1:
        return 1
    else:
        return n * factorial(n - 1)
```

In this example, the `factorial()` function is recursive because it calls itself in its own definition to calculate the factorial of a number. The base cases (`n == 0 or n == 1`) are used to stop the recursion and return a value, while the other case (`return n * factorial(n - 1)`) is where the function calls itself with a smaller argument to eventually reach the base case.

Recursion can be efficient and elegant for solving certain problems, but it may not always be the best choice due to potential performance issues (stack overflow). In some cases, iterative solutions or other algorithms might be more appropriate."
Explain variable scope rules," Variable scope refers to the accessibility of a variable in different parts of a program. The rules governing variable scope can vary based on programming language, but generally follow these guidelines:

1. Local Scope: A variable declared within a function or block (like if-else statements) is accessible only within that function or block. Once the function/block ends, the variable becomes undefined and cannot be accessed from outside it. This type of scope is known as local scope.

2. Global Scope: Variables declared outside any function or block are called global variables. These can be accessed from anywhere in the program, including within functions or blocks. They remain accessible throughout the entire execution of the program.

3. Nested Scope: In languages that support nested scopes (like Python), variables defined in an outer scope are accessible to inner scopes, but not vice versa. For example, a variable declared in the main body of the code can be accessed within a function or block inside it, but a variable declared within a function cannot be accessed outside it unless returned as a value.

4. Block Scope: Some languages (like JavaScript) have special rules for variables defined within certain blocks like if-else statements and loops. Variables declared with the 'let' keyword in these areas are accessible only within that block, similar to local scope.

5. Static Scope vs Dynamic Scope: In statically scoped languages (like Python), the scope of a variable is determined at compile time based on its location in the code. In dynamically scoped languages (like Lisp), the scope is determined at runtime, typically by tracing the sequence of function calls.

Remember that these are general rules and may vary depending on the specific programming language you're using."
Describe a data type," A data type is a specific type of data that defines what kind of values can be stored and used in a programming language. It sets the rules for how values are stored, manipulated, and represented within a program. Examples of data types include integers (whole numbers), floats (numbers with decimal points), strings (sequences of characters), booleans (true/false values), arrays (lists of items), and objects (complex data structures containing multiple properties and methods).

Data types play a crucial role in ensuring the correctness, efficiency, and security of programs. They help to minimize errors by providing clear constraints on the values that can be assigned to variables, allowing for better code readability and maintenance."
Share a coding challenge," Challenge: Palindrome Numbers

Write a function that takes an integer as input and returns True if the number is a palindrome, False otherwise. A palindrome is a number that remains the same when its digits are reversed.

For example:
- 121 -> True (121 reads the same backward)
- 1001 -> True (1001 reads the same backward)
- 123456 -> False (123456 doesn't read the same backward)

Here is an example solution in Python:

```python
def is_palindrome(num):
    num_str = str(num)
    return num_str == num_str[::-1]
```

You can test the function with some examples:

```python
print(is_palindrome(121))  # True
print(is_palindrome(1001))  # True
print(is_palindrome(123456))  # False
```"
Tell me about algorithms," Algorithms are step-by-step procedures for solving problems or accomplishing tasks. In the context of computer science, algorithms serve as a blueprint for how computers should process data and perform calculations to achieve specific results. They play a crucial role in various fields such as mathematics, economics, science, and engineering.

Algorithms can be classified into several types:

1. Sorting algorithms: These are used to organize data in a specific order (e.g., ascending or descending). Examples include Bubble Sort, QuickSort, MergeSort, and Insertion Sort.
2. Search algorithms: These help find the location of an item within a dataset. Examples include Linear Search, Binary Search, and Depth-First Search.
3. Graph algorithms: Used to analyze graphs (networks of nodes and edges), these can be employed for various tasks such as traversal, pathfinding, or network analysis. Examples include Dijkstra's Algorithm, Bellman-Ford Algorithm, and Kruskal's Algorithm.
4. Divide-and-conquer algorithms: These divide a problem into smaller sub-problems, solve each sub-problem individually, and then combine the solutions to form a solution for the original problem. Examples include MergeSort and QuickSort.
5. Dynamic programming algorithms: These break down a complex problem into simpler overlapping sub-problems, solving each one only once and storing its result for future use. Examples include Knapsack Algorithm, Shortest Path in a Grid, and Longest Common Subsequence (LCS).
6. Greedy algorithms: They make locally optimal choices at each stage with the hope of finding a global optimum solution. Examples include Minimum Spanning Tree (MST) and Huffman Coding.
7. Randomized algorithms: These use random numbers to help solve problems more efficiently or find better solutions. Examples include Randomized Quicksort and Monte Carlo Algorithms.

The efficiency of an algorithm is often measured in terms of its time complexity, which represents how the running time grows with the size of the input data. Space complexity refers to the amount of memory an algorithm requires for solving a problem."
Explain how to debug," Debugging is the process of finding and fixing errors (also known as bugs) in a program or system. Here are some steps to help you debug effectively:

1. Reproduce the problem: Before you can fix a bug, you need to be able to reproduce it reliably. This means running your code multiple times and ensuring that the issue occurs consistently under the same conditions.

2. Isolate the problem area: Try to narrow down the scope of where the error is occurring. Use print statements, logging or other debugging tools to help you track the flow of data through your program. Focus on identifying the point at which the expected behavior deviates from the actual behavior.

3. Check for syntax errors: Compile-time errors are usually simple to fix as most programming environments will give you a line number and an error message. Make sure you have no syntax errors before moving on to more complicated issues.

4. Use a debugger or breakpoints: Many programming environments provide a debugger that can pause your program at specific points, allowing you to examine the values of variables and step through the code line by line. This helps you understand how the code is executing and pinpoint any unexpected behavior.

5. Test incrementally: If you're unable to find an error using a debugger or print statements, try dividing your code into smaller parts and test each part individually. This allows you to isolate potential problem areas more easily.

6. Use online resources and forums: There are many websites and forums dedicated to programming where you can ask questions about specific problems or find solutions to common bugs. Stack Overflow, GitHub issues, and Reddit's r/programming are great places to start.

7. Refactor your code: If you're unable to fix the error after trying all of these steps, it may be time to refactor your code. This means rewriting or restructuring parts of your program in order to make it easier to understand and maintain. This can often help reveal bugs that were previously hidden or difficult to find.

8. Test with different inputs: Sometimes, a bug only appears when certain input values are used. Testing with different inputs can help you identify where the issue is occurring and what conditions cause it.

9. Use assertions: Assertions can be used to check that certain conditions hold true at specific points in your code. If an assertion fails, it means that one of its assumptions was violated, which can help pinpoint where a bug may exist.

10. Seek peer review: Sometimes, another pair of eyes can spot something you might have missed. Ask a colleague or friend for help if you're stuck on a problem and need fresh perspectives."
Describe a syntax error," A syntax error is an error in programming that occurs when the code does not follow the rules or proper structure of the programming language being used. It could be due to missing a semicolon, an incorrect indentation, improper capitalization, or misplaced brackets or parentheses. Syntax errors prevent the program from running successfully and can cause unexpected behavior or crashes if not addressed."
Share a useful library," One useful library for Python programming is the Pandas library. It's a powerful data manipulation and analysis tool, designed to make working with structured data easy and efficient.

Pandas provides various data structures like Series and DataFrame that allow you to store and manipulate tabular data. It offers powerful data-manipulation capabilities including filtering, sorting, reshaping, and aggregating data, as well as advanced statistical functions and time series features.

Some key features of the Pandas library include:

1. Easy-to-use data structures: Series and DataFrame for handling one-dimensional and two-dimensional data respectively.
2. Data manipulation capabilities: Filtering, sorting, reshaping, and aggregating data are simple with Pandas.
3. Advanced statistical functions: Pandas comes with a wide range of built-in statistical functions like mean, median, standard deviation, etc., which make it easy to perform statistical analyses on your data.
4. Time series features: Pandas supports time series operations such as resampling and shifting, making it suitable for handling time-based data.
5. Interoperability with other libraries: Pandas can be easily integrated with other popular Python libraries like NumPy, Matplotlib, Seaborn, etc., allowing you to create visualizations, perform machine learning tasks, and more.

To get started using the Pandas library, you can install it using pip (Python package manager) by running the following command in your terminal:
```
pip install pandas
```

Once installed, you can start exploring its capabilities and use it to process and analyze data in various formats, including CSV, JSON, Excel files, and more."
Tell me about APIs," APIs, or Application Programming Interfaces, are sets of protocols and routines for building software applications. They define the way in which various components of a program interact with each other, facilitating communication between different software systems.

In more simple terms, an API is like a contract between a service provider (e.g., Google Maps) and a developer who wants to use that service in their own application. The developer can then 'plug' the provider’s functionality into their own app without needing to understand how it works under the hood.

For instance, when you use an app to find nearby restaurants, it might call on an API from Yelp or Google Places to gather restaurant data. In this case, the API would handle all the heavy lifting of connecting with the server, requesting the information and then returning the results for the app to display.

APIs are vital in modern web development and have revolutionized the way software is developed and used. They allow developers to build richer and more functional applications by leveraging existing services instead of having to develop everything from scratch."
Explain a for loop," A for loop is a control flow statement in many programming languages that allows code to be executed repeatedly based on a given condition. The syntax of a for loop varies between different programming languages, but generally follows this structure:

for (initialization; condition; increment/decrement) {
  // loop body or statements to be executed
}

Here's a simple example in Python:

```python
for i in range(5):
    print(i)
```

In this example, the `for` loop iterates through the numbers from 0 to 4 (inclusive). The `range()` function generates a sequence of numbers based on the given arguments. The loop starts with an initial value `i`, which is set to 0 in this case. The condition checks if `i` is less than 5, and if true, executes the loop body, which prints the current value of `i`. After each iteration, the increment statement increments `i` by 1 (in Python, this is done implicitly using `range()`). When `i` reaches or exceeds 5, the condition becomes false, and the loop stops executing."
Describe an array usage," An array is a data structure used to store multiple values of the same type under a single variable name. Arrays are often used in programming languages as an efficient way to organize, manipulate and access data.

Here's a simple example of how arrays can be used in Python:

```python
# Define an array with integer elements
numbers = [1, 2, 3, 4, 5]

# Access elements by index
print(numbers[0])  # Output: 1
print(numbers[4])  # Output: 5

# Update elements using index
numbers[1] = 10
print(numbers)  # Output: [1, 10, 3, 4, 5]

# Loop through the array elements
for num in numbers:
    print(num)
```

In this example, we created an array (or list, as it's called in Python) named `numbers`, which stores integer values. We then accessed and updated elements using their indices, and finally looped through the elements to display them. This is just a simple usage of arrays; they can be used for various tasks such as storing data in a database, implementing algorithms, or processing data from user inputs."
Share a coding practice," One useful coding practice that can improve your programming skills is called ""Code Refactoring"". It involves improving the existing code without changing its functionality. This technique allows you to:

1. Improve code readability: By using more descriptive variable and function names, better indentation, and commenting, you can make it easier for other developers to understand your code.
2. Remove duplicated code: Reduce the amount of repetitive code in your program by extracting common logic into separate functions or methods. This will also help in making your code more maintainable and easier to update.
3. Simplify complex code: Break down complicated logic into smaller, more manageable parts that are easier to understand and test.
4. Improve performance: By optimizing certain parts of the code, you can improve its execution speed and memory usage.
5. Enhance testing: Refactoring helps in making your code more testable by separating concerns, which can make it easier to write unit tests for different components of your program.

To practice refactoring, follow these steps:

1. Identify a piece of code that could use some improvement (either due to poor readability or performance issues).
2. Write down the current functionality and expected results of the code.
3. Refactor the code by applying the techniques mentioned above (improving readability, removing duplication, simplifying logic, etc.).
4. Test your refactored code to ensure it still produces the same results as the original version. If not, go back and make adjustments until you achieve the desired functionality.
5. Review and compare your refactored code with the original version: Does it look better? Is it easier to understand and maintain?

By practicing code refactoring regularly, you will become more proficient at identifying areas for improvement in your own coding projects as well as those of others. This skill is essential for working on larger, more complex projects where collaboration between multiple developers is necessary."
Tell me about classes," Classes are a fundamental concept in object-oriented programming (OOP). They allow you to create your own data types, known as objects. These objects can have properties and methods that define their behavior and characteristics.

Here's an overview of classes:

1. Blueprint: A class serves as a blueprint for creating objects. It defines the structure and attributes of an object but doesn't actually create one.

2. Properties (Attributes): These are the data fields or variables that hold information about an object. They define what an object can have, like name, age, or size.

3. Methods: These are functions that define an object's behavior or actions it can perform. For example, a class representing a person could have methods like ""talk()"" and ""walk()"".

4. Inheritance: Classes can inherit properties and methods from other classes, allowing you to reuse code and create related classes with shared functionality.

5. Encapsulation: This is the process of wrapping data (properties) and code acting on that data (methods) into a single unit called an object. It helps in controlling access to the class's internal state and behavior.

6. Instantiation: To create an instance or an object of a class, you must use the ""new"" keyword followed by the class name and any necessary arguments. This creates a new instance with its own set of properties and methods based on the class blueprint.

7. Polymorphism: It allows objects belonging to different classes to be treated as if they were instances of the same class, enabling more flexible code and greater reusability.

Classes are widely used in programming languages like Python, Java, C++, and many others that support OOP concepts. They help developers write cleaner, more maintainable code by organizing related data and behavior into a single entity – the object."
Explain code commenting best practices," Code commenting is an essential part of programming. It helps improve code readability, maintainability, and understandability for both the person who wrote it and others who may need to read it in the future. Below are some best practices for effective code commenting:

1. **Informative comments**: Comments should provide meaningful information that cannot be easily derived from the code itself. Avoid stating the obvious or repeating what is already clear from the code. For example, instead of writing ""i++ increments i by 1,"" you can write a more informative comment like ""Incrementing counter for each loop iteration.""

2. **Clear and concise**: Comments should be brief and to the point. Avoid long sentences and use simple language. The goal is to provide just enough context to make sense of the code without adding unnecessary clutter.

3. **Whitespace and indentation**: Use whitespace and proper indentation in your comments, especially when commenting multiple lines. This helps improve readability and makes it easier for others to understand the code structure.

4. **Consistency**: Stick to a consistent style and format for your comments. This ensures that your team can easily read and understand your code. For example, use the same indentation, spacing, and comment symbols (e.g., single-line comments with `//` and block comments with `/* */`).

5. **Documentation**: Write documentation comments for important functions, classes, or modules to help others understand their purpose, input parameters, return values, and any other relevant information. Use a standard format like Javadoc, Doxygen, or Python's docstring convention to ensure consistency and readability across your codebase.

6. **Code review**: Encourage your teammates to comment on the clarity of your comments during code reviews. This will help you improve your commenting skills over time and maintain a high level of code quality within your team.

7. **Avoid obsolete comments**: Remove or update outdated comments that no longer accurately describe the code. Keeping old, misleading comments can lead to confusion and make it harder for others to understand what's going on.

8. **Focus on intent, not implementation**: Comments should primarily explain the ""why"" behind a piece of code rather than merely restating its ""how."" Aim to provide context and reasoning for key decisions made in the codebase.

9. **Don't comment out large blocks of code**: Instead, refactor or reorganize your code so it's easier to understand without needing inline comments. Commenting out large chunks of code can make maintenance more difficult and may lead to code duplication when developers add new functionality around the commented-out sections.

10. **Use consistent symbols**: Stick to a consistent set of comment symbols (e.g., `//` for single-line comments, `/* */` for block comments) to maintain consistency across your codebase. This helps readers quickly identify where comments are placed within the code."
Describe an object-oriented concept," An object-oriented concept is a fundamental principle or technique used in the development of software systems that are based on the concept of ""objects"". These objects are instances of classes, which define the structure and behavior of those objects. Some key principles in object-oriented programming include:

1. Inheritance: It enables new classes to be created by inheriting the properties and methods from existing classes, promoting reusability and modularity.

2. Encapsulation: This concept involves bundling data and methods that operate on that data together within a class, controlling access to the data through well-defined interfaces (i.e., public, protected, private).

3. Abstraction: It focuses on hiding complex implementations of objects and providing simple interfaces for interacting with them, which makes it easier for developers to reason about software systems.

4. Polymorphism: This concept allows multiple classes to share the same interface, allowing functions or methods to operate on different types of objects at runtime, making code more flexible and extensible.

Object-oriented programming promotes code reusability, maintainability, scalability, and readability, making it an effective approach for developing complex software systems."
Share a common programming pattern," One common programming pattern is the use of loops to iterate through a sequence of elements. Here's an example in Python:

```python
for element in sequence:
    # Process each element in the sequence
    process_element(element)
```

In this code snippet, we use a `for` loop to iterate over every element in the `sequence`. The `process_element()` function is called for each element in the sequence. This pattern can be found in many programming languages and is often used when dealing with lists, arrays, or other collections of data."
Tell me about version control," Version control is a system that manages and tracks changes to source code, documents, and other files in a project. It allows multiple people to collaborate on the same project without conflicts or overwriting each other's work.

The primary goal of version control is to help developers maintain a consistent history of their work, making it easier to identify when issues were introduced and revert changes if needed. Version control systems like Git, SVN, Mercurial, and Perforce offer tools to manage file versions, compare changes, and merge modifications from different contributors.

Some key features of version control systems include:
- Repository creation for storing project files and their history.
- Branching and merging capabilities, allowing developers to work on separate feature branches and then combine those changes into a single codebase.
- Commit messages and annotations, providing context and explanations for the changes made during development.
- Conflict resolution tools that help users resolve conflicts between concurrent modifications from multiple contributors.
- Access control and permissions management, allowing project owners to set who can make changes to specific files or directories."
